sepal_length,sepal_width,petal_length,petal_width,species,sepal_area,petal_area,petal_area_ratio,large_sepal_flag,petal_to_sepal_ratio,symmetry_index
5.1,3.5,1.4,0.2,setosa,17.849999999999998,0.27999999999999997,0.01568627450980392,0,0.18604651162790697,0.5692307692307692
4.9,3.0,1.4,0.2,setosa,14.700000000000001,0.27999999999999997,0.019047619047619046,0,0.20253164556962022,0.5555555555555556
4.7,3.2,1.3,0.2,setosa,15.040000000000001,0.26,0.017287234042553192,0,0.18987341772151897,0.5666666666666668
4.6,3.1,1.5,0.2,setosa,14.26,0.30000000000000004,0.02103786816269285,0,0.2207792207792208,0.5081967213114754
5.0,3.6,1.4,0.2,setosa,18.0,0.27999999999999997,0.015555555555555553,0,0.18604651162790697,0.5625
