model,accuracy,precision_macro,recall_macro,f1_macro
DecisionTree,0.9333333333333333,0.9444444444444445,0.9333333333333332,0.9326599326599326
KNN,1.0,1.0,1.0,1.0
RandomForest,0.9666666666666667,0.9696969696969697,0.9666666666666667,0.9665831244778612
SVC,1.0,1.0,1.0,1.0
