sepal_length,sepal_width,petal_length,petal_width,species,sepal_area,petal_area,petal_area_ratio,large_sepal_flag,petal_to_sepal_ratio,symmetry_index
6.7,3.0,5.2,2.3,virginica,20.1,11.959999999999999,0.5950248756218904,0,0.7731958762886598,0.12605042016806722
6.3,2.5,5.0,1.9,virginica,15.75,9.5,0.6031746031746031,0,0.7840909090909091,0.11504424778761059
6.5,3.0,5.2,2.0,virginica,19.5,10.4,0.5333333333333333,0,0.7578947368421053,0.1111111111111111
6.2,3.4,5.4,2.3,virginica,21.08,12.42,0.5891840607210627,1,0.8020833333333334,0.06896551724137928
5.9,3.0,5.1,1.8,virginica,17.700000000000003,9.18,0.5186440677966101,0,0.7752808988764044,0.0727272727272728
